Date,AveragePrice,region,type
01-01-2019,61.87,January,Energy
02-01-2019,76.63,January,Energy
03-01-2019,76.9,January,Energy
04-01-2019,76.62,January,Energy
05-01-2019,67.78,January,Energy
06-01-2019,46.05,January,Energy
07-01-2019,71.39,January,Energy
08-01-2019,80.73,January,Energy
09-01-2019,89.54,January,Energy
10-01-2019,96.29,January,Energy
11-01-2019,92.33,January,Energy
12-01-2019,74.94,January,Energy
13-01-2019,38.44,January,Energy
14-01-2019,90.62,January,Energy
15-01-2019,92.7,January,Energy
16-01-2019,93.25,January,Energy
17-01-2019,91.91,January,Energy
18-01-2019,95.68,January,Energy
19-01-2019,70.68,January,Energy
20-01-2019,62.22,January,Energy
21-01-2019,100.86,January,Energy
22-01-2019,95.45,January,Energy
23-01-2019,99.13,January,Energy
24-01-2019,95.25,January,Energy
25-01-2019,87.43,January,Energy
26-01-2019,71.87,January,Energy
27-01-2019,76.95,January,Energy
28-01-2019,96.29,January,Energy
29-01-2019,98.62,January,Energy
30-01-2019,97.31,January,Energy
31-01-2019,103.34,January,Energy
01-02-2019,103.91,Febuary,Energy
02-02-2019,86.69,Febuary,Energy
03-02-2019,85.01,Febuary,Energy
04-02-2019,103.14,Febuary,Energy
05-02-2019,103.34,Febuary,Energy
06-02-2019,107.63,Febuary,Energy
07-02-2019,119.26,Febuary,Energy
08-02-2019,119.4,Febuary,Energy
09-02-2019,108.13,Febuary,Energy
10-02-2019,104.78,Febuary,Energy
11-02-2019,116.33,Febuary,Energy
12-02-2019,115.45,Febuary,Energy
13-02-2019,118.43,Febuary,Energy
14-02-2019,108.51,Febuary,Energy
15-02-2019,92.34,Febuary,Energy
16-02-2019,82.2,Febuary,Energy
17-02-2019,80.49,Febuary,Energy
18-02-2019,108.41,Febuary,Energy
19-02-2019,109.77,Febuary,Energy
20-02-2019,100.54,Febuary,Energy
21-02-2019,98.77,Febuary,Energy
22-02-2019,93.37,Febuary,Energy
23-02-2019,73.45,Febuary,Energy
24-02-2019,73.25,Febuary,Energy
25-02-2019,98.06,Febuary,Energy
26-02-2019,100.15,Febuary,Energy
27-02-2019,103.38,Febuary,Energy
28-02-2019,103.2,Febuary,Energy
01-03-2019,98.46,March,Energy
03-03-2019,75.55,March,Energy
04-03-2019,105.89,March,Energy
05-03-2019,110.7,March,Energy
06-03-2019,111.88,March,Energy
07-03-2019,110.64,March,Energy
08-03-2019,106.84,March,Energy
09-03-2019,91.59,March,Energy
10-03-2019,84.91,March,Energy
11-03-2019,99.08,March,Energy
12-03-2019,99.85,March,Energy
13-03-2019,99.37,March,Energy
14-03-2019,85.67,March,Energy
15-03-2019,82.25,March,Energy
16-03-2019,66.67,March,Energy
17-03-2019,66.51,March,Energy
18-03-2019,81.99,March,Energy
19-03-2019,78.06,March,Energy
20-03-2019,75.33,March,Energy
21-03-2019,68.72,March,Energy
22-03-2019,64.76,March,Energy
23-03-2019,48.45,March,Energy
24-03-2019,47.98,March,Energy
25-03-2019,66.57,March,Energy
26-03-2019,65.7,March,Energy
27-03-2019,68.71,March,Energy
28-03-2019,64.16,March,Energy
29-03-2019,61.81,March,Energy
30-03-2019,47.55,March,Energy
31-03-2019,48.46,March,Energy
01-04-2019,65.38,April,Energy
02-04-2019,67.52,April,Energy
03-04-2019,68.75,April,Energy
04-04-2019,85.4,April,Energy
05-04-2019,85.31,April,Energy
06-04-2019,79.29,April,Energy
07-04-2019,77.08,April,Energy
08-04-2019,84.11,April,Energy
09-04-2019,77.11,April,Energy
10-04-2019,78.08,April,Energy
11-04-2019,79.85,April,Energy
12-04-2019,76.26,April,Energy
13-04-2019,62.14,April,Energy
14-04-2019,61.79,April,Energy
15-04-2019,72.68,April,Energy
16-04-2019,72.41,April,Energy
17-04-2019,74.56,April,Energy
18-04-2019,70.22,April,Energy
19-04-2019,60.83,April,Energy
20-04-2019,60.45,April,Energy
21-04-2019,60.2,April,Energy
22-04-2019,62.79,April,Energy
23-04-2019,69.7,April,Energy
24-04-2019,69.01,April,Energy
25-04-2019,71.08,April,Energy
26-04-2019,69.69,April,Energy
27-04-2019,60.98,April,Energy
28-04-2019,58.68,April,Energy
29-04-2019,75.8,April,Energy
30-04-2019,82.35,April,Energy
01-05-2019,81.78,May,Energy
02-05-2019,88.1,May,Energy
03-05-2019,83.98,May,Energy
04-05-2019,67.25,May,Energy
05-05-2019,48.04,May,Energy
06-05-2019,71.98,May,Energy
07-05-2019,78.56,May,Energy
08-05-2019,86.7,May,Energy
09-05-2019,64.5,May,Energy
10-05-2019,61.72,May,Energy
11-05-2019,48.64,May,Energy
12-05-2019,39.49,May,Energy
13-05-2019,61.7,May,Energy
14-05-2019,63.71,May,Energy
15-05-2019,66.66,May,Energy
16-05-2019,64.2,May,Energy
17-05-2019,63.68,May,Energy
18-05-2019,49.06,May,Energy
19-05-2019,39.72,May,Energy
20-05-2019,66.79,May,Energy
21-05-2019,69.02,May,Energy
22-05-2019,71.16,May,Energy
23-05-2019,72,May,Energy
24-05-2019,69.74,May,Energy
25-05-2019,54.13,May,Energy
26-05-2019,41.8,May,Energy
27-05-2019,52.42,May,Energy
28-05-2019,63.52,May,Energy
29-05-2019,61.64,May,Energy
30-05-2019,67.65,May,Energy
31-05-2019,62.24,May,Energy
01-06-2019,51.47,June,Energy
02-06-2019,36.93,June,Energy
03-06-2019,62.5,June,Energy
04-06-2019,60.22,June,Energy
05-06-2019,61.4,June,Energy
06-06-2019,60.57,June,Energy
07-06-2019,58.11,June,Energy
08-06-2019,45.5,June,Energy
09-06-2019,36.3,June,Energy
10-06-2019,59.54,June,Energy
11-06-2019,57.3,June,Energy
12-06-2019,57.46,June,Energy
13-06-2019,57.41,June,Energy
14-06-2019,55.63,June,Energy
15-06-2019,45.32,June,Energy
16-06-2019,36.05,June,Energy
17-06-2019,55.8,June,Energy
18-06-2019,58.14,June,Energy
19-06-2019,57.24,June,Energy
20-06-2019,57.54,June,Energy
21-06-2019,56.85,June,Energy
22-06-2019,53.76,June,Energy
23-06-2019,37.66,June,Energy
24-06-2019,59.48,June,Energy
25-06-2019,59.24,June,Energy
26-06-2019,57.55,June,Energy
27-06-2019,57.23,June,Energy
28-06-2019,57.75,June,Energy
29-06-2019,37.82,June,Energy
30-06-2019,36.97,June,Energy
01-07-2019,56.52,July,Energy
02-07-2019,56.6,July,Energy
03-07-2019,56.7,July,Energy
04-07-2019,56.55,July,Energy
05-07-2019,57.97,July,Energy
06-07-2019,36.07,July,Energy
07-07-2019,34.56,July,Energy
08-07-2019,56.52,July,Energy
09-07-2019,59.64,July,Energy
10-07-2019,62.08,July,Energy
11-07-2019,62.33,July,Energy
12-07-2019,59.43,July,Energy
13-07-2019,36.51,July,Energy
14-07-2019,35.88,July,Energy
15-07-2019,57.28,July,Energy
16-07-2019,61.3,July,Energy
17-07-2019,60.88,July,Energy
18-07-2019,59.92,July,Energy
19-07-2019,56.05,July,Energy
20-07-2019,36.31,July,Energy
21-07-2019,34.97,July,Energy
22-07-2019,58.65,July,Energy
23-07-2019,60.2,July,Energy
24-07-2019,57.84,July,Energy
25-07-2019,59.69,July,Energy
26-07-2019,57.14,July,Energy
27-07-2019,38.65,July,Energy
28-07-2019,35.94,July,Energy
29-07-2019,55.98,July,Energy
30-07-2019,57.03,July,Energy
31-07-2019,57.85,July,Energy
01-08-2019,55.33,August,Energy
02-08-2019,49.85,August,Energy
03-08-2019,31.44,August,Energy
04-08-2019,31.65,August,Energy
05-08-2019,50.2,August,Energy
06-08-2019,50.88,August,Energy
07-08-2019,48.55,August,Energy
08-08-2019,47.9,August,Energy
09-08-2019,49.28,August,Energy
10-08-2019,33.34,August,Energy
11-08-2019,32.34,August,Energy
12-08-2019,48.05,August,Energy
13-08-2019,47.08,August,Energy
14-08-2019,44.73,August,Energy
15-08-2019,38.78,August,Energy
16-08-2019,38.83,August,Energy
17-08-2019,30.69,August,Energy
18-08-2019,31,August,Energy
19-08-2019,38.72,August,Energy
20-08-2019,39.85,August,Energy
21-08-2019,37.74,August,Energy
22-08-2019,36.81,August,Energy
23-08-2019,36.05,August,Energy
24-08-2019,31.28,August,Energy
25-08-2019,30.35,August,Energy
26-08-2019,29.4,August,Energy
27-08-2019,35.68,August,Energy
28-08-2019,36.87,August,Energy
29-08-2019,36.36,August,Energy
30-08-2019,35.86,August,Energy
31-08-2019,31.13,August,Energy
01-09-2019,30.81,September,Energy
02-09-2019,35.7,September,Energy
03-09-2019,36.6,September,Energy
04-09-2019,41.51,September,Energy
05-09-2019,46.61,September,Energy
06-09-2019,46.6,September,Energy
07-09-2019,34.19,September,Energy
08-09-2019,29.75,September,Energy
09-09-2019,47.15,September,Energy
10-09-2019,51.38,September,Energy
11-09-2019,54.2,September,Energy
12-09-2019,58.78,September,Energy
13-09-2019,68.28,September,Energy
14-09-2019,46.92,September,Energy
15-09-2019,34.54,September,Energy
16-09-2019,78.62,September,Energy
17-09-2019,70.51,September,Energy
18-09-2019,69.2,September,Energy
19-09-2019,70.1,September,Energy
20-09-2019,65.26,September,Energy
21-09-2019,42.1,September,Energy
22-09-2019,36.04,September,Energy
23-09-2019,78.01,September,Energy
24-09-2019,80.29,September,Energy
25-09-2019,77.95,September,Energy
26-09-2019,78.92,September,Energy
27-09-2019,76.12,September,Energy
28-09-2019,46.2,September,Energy
29-09-2019,37.22,September,Energy
30-09-2019,73.82,September,Energy
01-10-2019,78.74,October,Energy
02-10-2019,75.53,October,Energy
03-10-2019,74.47,October,Energy
04-10-2019,75.71,October,Energy
05-10-2019,62.65,October,Energy
06-10-2019,60,October,Energy
07-10-2019,77.6,October,Energy
08-10-2019,77.12,October,Energy
09-10-2019,74.11,October,Energy
10-10-2019,72.6,October,Energy
11-10-2019,70.88,October,Energy
12-10-2019,57.14,October,Energy
13-10-2019,55.25,October,Energy
14-10-2019,73.7,October,Energy
15-10-2019,77.78,October,Energy
16-10-2019,78.43,October,Energy
17-10-2019,78.63,October,Energy
18-10-2019,60.15,October,Energy
19-10-2019,40.1,October,Energy
20-10-2019,55.26,October,Energy
21-10-2019,72.14,October,Energy
22-10-2019,73.73,October,Energy
23-10-2019,74.91,October,Energy
24-10-2019,75.41,October,Energy
25-10-2019,59.07,October,Energy
26-10-2019,40.38,October,Energy
27-10-2019,59.54,October,Energy
28-10-2019,74.13,October,Energy
29-10-2019,71.95,October,Energy
30-10-2019,71.03,October,Energy
31-10-2019,72.78,October,Energy
01-11-2019,57.63,November,Energy
02-11-2019,41.78,November,Energy
03-11-2019,57.3,November,Energy
04-11-2019,72.06,November,Energy
05-11-2019,76.21,November,Energy
06-11-2019,73.86,November,Energy
07-11-2019,75.65,November,Energy
08-11-2019,61.49,November,Energy
09-11-2019,53.28,November,Energy
10-11-2019,58.02,November,Energy
11-11-2019,71.04,November,Energy
12-11-2019,70.12,November,Energy
13-11-2019,56.49,November,Energy
14-11-2019,57.02,November,Energy
15-11-2019,58.21,November,Energy
16-11-2019,45.62,November,Energy
17-11-2019,41.64,November,Energy
18-11-2019,62.38,November,Energy
19-11-2019,67.64,November,Energy
20-11-2019,64.79,November,Energy
21-11-2019,70.6,November,Energy
22-11-2019,75.98,November,Energy
23-11-2019,54.95,November,Energy
24-11-2019,62.21,November,Energy
25-11-2019,96.3,November,Energy
26-11-2019,118.47,November,Energy
27-11-2019,102.91,November,Energy
28-11-2019,124.69,November,Energy
29-11-2019,117.6,November,Energy
30-11-2019,102.97,November,Energy
01-12-2019,130.29,December,Energy
02-12-2019,118.07,December,Energy
03-12-2019,103.95,December,Energy
04-12-2019,105.73,December,Energy
05-12-2019,106.03,December,Energy
06-12-2019,64.5,December,Energy
07-12-2019,38.23,December,Energy
08-12-2019,61.63,December,Energy
09-12-2019,88.45,December,Energy
10-12-2019,87.15,December,Energy
11-12-2019,88.71,December,Energy
12-12-2019,96.25,December,Energy
13-12-2019,90.69,December,Energy
14-12-2019,55.53,December,Energy
15-12-2019,46.73,December,Energy
16-12-2019,76.59,December,Energy
17-12-2019,87.85,December,Energy
18-12-2019,83.56,December,Energy
19-12-2019,83.21,December,Energy
20-12-2019,79.57,December,Energy
21-12-2019,40.19,December,Energy
22-12-2019,38.71,December,Energy
23-12-2019,74.1,December,Energy
24-12-2019,51.7,December,Energy
25-12-2019,47.4,December,Energy
26-12-2019,46.51,December,Energy
27-12-2019,44.48,December,Energy
28-12-2019,39.82,December,Energy
29-12-2019,37.12,December,Energy
30-12-2019,51.1,December,Energy
31-12-2019,51.31,December,Energy
01-01-2019,13.1368571,January,Carbon Emission
02-01-2019,16.2708479,January,Carbon Emission
03-01-2019,16.328177,January,Carbon Emission
04-01-2019,16.2687246,January,Carbon Emission
05-01-2019,14.3917274,January,Carbon Emission
06-01-2019,9.7777965,January,Carbon Emission
07-01-2019,15.1582387,January,Carbon Emission
08-01-2019,17.1414009,January,Carbon Emission
09-01-2019,19.0120282,January,Carbon Emission
10-01-2019,20.4452557,January,Carbon Emission
11-01-2019,19.6044289,January,Carbon Emission
12-01-2019,15.9120102,January,Carbon Emission
13-01-2019,8.1619652,January,Carbon Emission
14-01-2019,19.2413446,January,Carbon Emission
15-01-2019,19.682991,January,Carbon Emission
16-01-2019,19.7997725,January,Carbon Emission
17-01-2019,19.5152503,January,Carbon Emission
18-01-2019,20.3157344,January,Carbon Emission
19-01-2019,15.0074844,January,Carbon Emission
20-01-2019,13.2111726,January,Carbon Emission
21-01-2019,21.4156038,January,Carbon Emission
22-01-2019,20.2668985,January,Carbon Emission
23-01-2019,21.0482729,January,Carbon Emission
24-01-2019,20.2244325,January,Carbon Emission
25-01-2019,18.5640119,January,Carbon Emission
26-01-2019,15.2601571,January,Carbon Emission
27-01-2019,16.3387935,January,Carbon Emission
28-01-2019,20.4452557,January,Carbon Emission
29-01-2019,20.9399846,January,Carbon Emission
30-01-2019,20.6618323,January,Carbon Emission
31-01-2019,21.9421822,January,Carbon Emission
01-02-2019,22.0632103,Febuary,Carbon Emission
02-02-2019,18.4068877,Febuary,Carbon Emission
03-02-2019,18.0501733,Febuary,Carbon Emission
04-02-2019,21.8997162,Febuary,Carbon Emission
05-02-2019,21.9421822,Febuary,Carbon Emission
06-02-2019,22.8530779,Febuary,Carbon Emission
07-02-2019,25.3224758,Febuary,Carbon Emission
08-02-2019,25.352202,Febuary,Carbon Emission
09-02-2019,22.9592429,Febuary,Carbon Emission
10-02-2019,22.2479374,Febuary,Carbon Emission
11-02-2019,24.7003489,Febuary,Carbon Emission
12-02-2019,24.5134985,Febuary,Carbon Emission
13-02-2019,25.1462419,Febuary,Carbon Emission
14-02-2019,23.0399283,Febuary,Carbon Emission
15-02-2019,19.6065522,Febuary,Carbon Emission
16-02-2019,17.453526,Febuary,Carbon Emission
17-02-2019,17.0904417,Febuary,Carbon Emission
18-02-2019,23.0186953,Febuary,Carbon Emission
19-02-2019,23.3074641,Febuary,Carbon Emission
20-02-2019,21.3476582,Febuary,Carbon Emission
21-02-2019,20.9718341,Febuary,Carbon Emission
22-02-2019,19.8252521,Febuary,Carbon Emission
23-02-2019,15.5956385,Febuary,Carbon Emission
24-02-2019,15.5531725,Febuary,Carbon Emission
25-02-2019,20.8210798,Febuary,Carbon Emission
26-02-2019,21.2648495,Febuary,Carbon Emission
27-02-2019,21.9506754,Febuary,Carbon Emission
28-02-2019,21.912456,Febuary,Carbon Emission
01-03-2019,20.9060118,March,Carbon Emission
03-03-2019,16.0415315,March,Carbon Emission
04-03-2019,22.4836237,March,Carbon Emission
05-03-2019,23.504931,March,Carbon Emission
06-03-2019,23.7554804,March,Carbon Emission
07-03-2019,23.4921912,March,Carbon Emission
08-03-2019,22.6853372,March,Carbon Emission
09-03-2019,19.4473047,March,Carbon Emission
10-03-2019,18.0289403,March,Carbon Emission
11-03-2019,21.0376564,March,Carbon Emission
12-03-2019,21.2011505,March,Carbon Emission
13-03-2019,21.0992321,March,Carbon Emission
14-03-2019,18.1903111,March,Carbon Emission
15-03-2019,17.4641425,March,Carbon Emission
16-03-2019,14.1560411,March,Carbon Emission
17-03-2019,14.1220683,March,Carbon Emission
18-03-2019,17.4089367,March,Carbon Emission
19-03-2019,16.5744798,March,Carbon Emission
20-03-2019,15.9948189,March,Carbon Emission
21-03-2019,14.5913176,March,Carbon Emission
22-03-2019,13.7504908,March,Carbon Emission
23-03-2019,10.2873885,March,Carbon Emission
24-03-2019,10.1875934,March,Carbon Emission
25-03-2019,14.1348081,March,Carbon Emission
26-03-2019,13.950081,March,Carbon Emission
27-03-2019,14.5891943,March,Carbon Emission
28-03-2019,13.6230928,March,Carbon Emission
29-03-2019,13.1241173,March,Carbon Emission
30-03-2019,10.0962915,March,Carbon Emission
31-03-2019,10.2895118,March,Carbon Emission
01-04-2019,13.8821354,April,Carbon Emission
02-04-2019,14.3365216,April,Carbon Emission
03-04-2019,14.5976875,April,Carbon Emission
04-04-2019,18.132982,April,Carbon Emission
05-04-2019,18.1138723,April,Carbon Emission
06-04-2019,16.8356457,April,Carbon Emission
07-04-2019,16.3663964,April,Carbon Emission
08-04-2019,17.8590763,April,Carbon Emission
09-04-2019,16.3727663,April,Carbon Emission
10-04-2019,16.5787264,April,Carbon Emission
11-04-2019,16.9545505,April,Carbon Emission
12-04-2019,16.1922858,April,Carbon Emission
13-04-2019,13.1941862,April,Carbon Emission
14-04-2019,13.1198707,April,Carbon Emission
15-04-2019,15.4321444,April,Carbon Emission
16-04-2019,15.3748153,April,Carbon Emission
17-04-2019,15.8313248,April,Carbon Emission
18-04-2019,14.9098126,April,Carbon Emission
19-04-2019,12.9160339,April,Carbon Emission
20-04-2019,12.8353485,April,Carbon Emission
21-04-2019,12.782266,April,Carbon Emission
22-04-2019,13.3322007,April,Carbon Emission
23-04-2019,14.799401,April,Carbon Emission
24-04-2019,14.6528933,April,Carbon Emission
25-04-2019,15.0924164,April,Carbon Emission
26-04-2019,14.7972777,April,Carbon Emission
27-04-2019,12.9478834,April,Carbon Emission
28-04-2019,12.4595244,April,Carbon Emission
29-04-2019,16.094614,April,Carbon Emission
30-04-2019,17.4853755,April,Carbon Emission
01-05-2019,17.3643474,May,Carbon Emission
02-05-2019,18.706273,May,Carbon Emission
03-05-2019,17.8314734,May,Carbon Emission
04-05-2019,14.2791925,May,Carbon Emission
05-05-2019,10.2003332,May,Carbon Emission
06-05-2019,15.2835134,May,Carbon Emission
07-05-2019,16.6806448,May,Carbon Emission
08-05-2019,18.409011,May,Carbon Emission
09-05-2019,13.695285,May,Carbon Emission
10-05-2019,13.1050076,May,Carbon Emission
11-05-2019,10.3277312,May,Carbon Emission
12-05-2019,8.3849117,May,Carbon Emission
13-05-2019,13.100761,May,Carbon Emission
14-05-2019,13.5275443,May,Carbon Emission
15-05-2019,14.1539178,May,Carbon Emission
16-05-2019,13.631586,May,Carbon Emission
17-05-2019,13.5211744,May,Carbon Emission
18-05-2019,10.4169098,May,Carbon Emission
19-05-2019,8.4337476,May,Carbon Emission
20-05-2019,14.1815207,May,Carbon Emission
21-05-2019,14.6550166,May,Carbon Emission
22-05-2019,15.1094028,May,Carbon Emission
23-05-2019,15.28776,May,Carbon Emission
24-05-2019,14.8078942,May,Carbon Emission
25-05-2019,11.4934229,May,Carbon Emission
26-05-2019,8.875394,May,Carbon Emission
27-05-2019,11.1303386,May,Carbon Emission
28-05-2019,13.4872016,May,Carbon Emission
29-05-2019,13.0880212,May,Carbon Emission
30-05-2019,14.3641245,May,Carbon Emission
31-05-2019,13.2154192,May,Carbon Emission
01-06-2019,10.9286251,June,Carbon Emission
02-06-2019,7.8413469,June,Carbon Emission
03-06-2019,13.270625,June,Carbon Emission
04-06-2019,12.7865126,June,Carbon Emission
05-06-2019,13.037062,June,Carbon Emission
06-06-2019,12.8608281,June,Carbon Emission
07-06-2019,12.3384963,June,Carbon Emission
08-06-2019,9.661015,June,Carbon Emission
09-06-2019,7.707579,June,Carbon Emission
10-06-2019,12.6421282,June,Carbon Emission
11-06-2019,12.166509,June,Carbon Emission
12-06-2019,12.2004818,June,Carbon Emission
13-06-2019,12.1898653,June,Carbon Emission
14-06-2019,11.8119179,June,Carbon Emission
15-06-2019,9.6227956,June,Carbon Emission
16-06-2019,7.6544965,June,Carbon Emission
17-06-2019,11.848014,June,Carbon Emission
18-06-2019,12.3448662,June,Carbon Emission
19-06-2019,12.1537692,June,Carbon Emission
20-06-2019,12.2174682,June,Carbon Emission
21-06-2019,12.0709605,June,Carbon Emission
22-06-2019,11.4148608,June,Carbon Emission
23-06-2019,7.9963478,June,Carbon Emission
24-06-2019,12.6293884,June,Carbon Emission
25-06-2019,12.5784292,June,Carbon Emission
26-06-2019,12.2195915,June,Carbon Emission
27-06-2019,12.1516459,June,Carbon Emission
28-06-2019,12.2620575,June,Carbon Emission
29-06-2019,8.0303206,June,Carbon Emission
30-06-2019,7.8498401,June,Carbon Emission
01-07-2019,12.0008916,July,Carbon Emission
02-07-2019,12.017878,July,Carbon Emission
03-07-2019,12.039111,July,Carbon Emission
04-07-2019,12.0072615,July,Carbon Emission
05-07-2019,12.3087701,July,Carbon Emission
06-07-2019,7.6587431,July,Carbon Emission
07-07-2019,7.3381248,July,Carbon Emission
08-07-2019,12.0008916,July,Carbon Emission
09-07-2019,12.6633612,July,Carbon Emission
10-07-2019,13.1814464,July,Carbon Emission
11-07-2019,13.2345289,July,Carbon Emission
12-07-2019,12.6187719,July,Carbon Emission
13-07-2019,7.7521683,July,Carbon Emission
14-07-2019,7.6184004,July,Carbon Emission
15-07-2019,12.1622624,July,Carbon Emission
16-07-2019,13.015829,July,Carbon Emission
17-07-2019,12.9266504,July,Carbon Emission
18-07-2019,12.7228136,July,Carbon Emission
19-07-2019,11.9010965,July,Carbon Emission
20-07-2019,7.7097023,July,Carbon Emission
21-07-2019,7.4251801,July,Carbon Emission
22-07-2019,12.4531545,July,Carbon Emission
23-07-2019,12.782266,July,Carbon Emission
24-07-2019,12.2811672,July,Carbon Emission
25-07-2019,12.6739777,July,Carbon Emission
26-07-2019,12.1325362,July,Carbon Emission
27-07-2019,8.2065545,July,Carbon Emission
28-07-2019,7.6311402,July,Carbon Emission
29-07-2019,11.8862334,July,Carbon Emission
30-07-2019,12.1091799,July,Carbon Emission
31-07-2019,12.2832905,July,Carbon Emission
01-08-2019,11.7482189,August,Carbon Emission
02-08-2019,10.5846505,August,Carbon Emission
03-08-2019,6.6756552,August,Carbon Emission
04-08-2019,6.7202445,August,Carbon Emission
05-08-2019,10.658966,August,Carbon Emission
06-08-2019,10.8033504,August,Carbon Emission
07-08-2019,10.3086215,August,Carbon Emission
08-08-2019,10.170607,August,Carbon Emission
09-08-2019,10.4636224,August,Carbon Emission
10-08-2019,7.0790822,August,Carbon Emission
11-08-2019,6.8667522,August,Carbon Emission
12-08-2019,10.2024565,August,Carbon Emission
13-08-2019,9.9964964,August,Carbon Emission
14-08-2019,9.4975209,August,Carbon Emission
15-08-2019,8.2341574,August,Carbon Emission
16-08-2019,8.2447739,August,Carbon Emission
17-08-2019,6.5164077,August,Carbon Emission
18-08-2019,6.58223,August,Carbon Emission
19-08-2019,8.2214176,August,Carbon Emission
20-08-2019,8.4613505,August,Carbon Emission
21-08-2019,8.0133342,August,Carbon Emission
22-08-2019,7.8158673,August,Carbon Emission
23-08-2019,7.6544965,August,Carbon Emission
24-08-2019,6.6416824,August,Carbon Emission
25-08-2019,6.4442155,August,Carbon Emission
26-08-2019,6.242502,August,Carbon Emission
27-08-2019,7.5759344,August,Carbon Emission
28-08-2019,7.8286071,August,Carbon Emission
29-08-2019,7.7203188,August,Carbon Emission
30-08-2019,7.6141538,August,Carbon Emission
31-08-2019,6.6098329,August,Carbon Emission
01-09-2019,6.5418873,September,Carbon Emission
02-09-2019,7.580181,September,Carbon Emission
03-09-2019,7.771278,September,Carbon Emission
04-09-2019,8.8138183,September,Carbon Emission
05-09-2019,9.8967013,September,Carbon Emission
06-09-2019,9.894578,September,Carbon Emission
07-09-2019,7.2595627,September,Carbon Emission
08-09-2019,6.3168175,September,Carbon Emission
09-09-2019,10.0113595,September,Carbon Emission
10-09-2019,10.9095154,September,Carbon Emission
11-09-2019,11.508286,September,Carbon Emission
12-09-2019,12.4807574,September,Carbon Emission
13-09-2019,14.4978924,September,Carbon Emission
14-09-2019,9.9625236,September,Carbon Emission
15-09-2019,7.3338782,September,Carbon Emission
16-09-2019,16.6933846,September,Carbon Emission
17-09-2019,14.9713883,September,Carbon Emission
18-09-2019,14.693236,September,Carbon Emission
19-09-2019,14.884333,September,Carbon Emission
20-09-2019,13.8566558,September,Carbon Emission
21-09-2019,8.939093,September,Carbon Emission
22-09-2019,7.6523732,September,Carbon Emission
23-09-2019,16.5638633,September,Carbon Emission
24-09-2019,17.0479757,September,Carbon Emission
25-09-2019,16.5511235,September,Carbon Emission
26-09-2019,16.7570836,September,Carbon Emission
27-09-2019,16.1625596,September,Carbon Emission
28-09-2019,9.809646,September,Carbon Emission
29-09-2019,7.9029226,September,Carbon Emission
30-09-2019,15.6742006,September,Carbon Emission
01-10-2019,16.7188642,October,Carbon Emission
02-10-2019,16.0372849,October,Carbon Emission
03-10-2019,15.8122151,October,Carbon Emission
04-10-2019,16.0755043,October,Carbon Emission
05-10-2019,13.3024745,October,Carbon Emission
06-10-2019,12.7398,October,Carbon Emission
07-10-2019,16.476808,October,Carbon Emission
08-10-2019,16.3748896,October,Carbon Emission
09-10-2019,15.7357763,October,Carbon Emission
10-10-2019,15.415158,October,Carbon Emission
11-10-2019,15.0499504,October,Carbon Emission
12-10-2019,12.1325362,October,Carbon Emission
13-10-2019,11.7312325,October,Carbon Emission
14-10-2019,15.648721,October,Carbon Emission
15-10-2019,16.5150274,October,Carbon Emission
16-10-2019,16.6530419,October,Carbon Emission
17-10-2019,16.6955079,October,Carbon Emission
18-10-2019,12.7716495,October,Carbon Emission
19-10-2019,8.514433,October,Carbon Emission
20-10-2019,11.7333558,October,Carbon Emission
21-10-2019,15.3174862,October,Carbon Emission
22-10-2019,15.6550909,October,Carbon Emission
23-10-2019,15.9056403,October,Carbon Emission
24-10-2019,16.0118053,October,Carbon Emission
25-10-2019,12.5423331,October,Carbon Emission
26-10-2019,8.5738854,October,Carbon Emission
27-10-2019,12.6421282,October,Carbon Emission
28-10-2019,15.7400229,October,Carbon Emission
29-10-2019,15.2771435,October,Carbon Emission
30-10-2019,15.0817999,October,Carbon Emission
31-10-2019,15.4533774,October,Carbon Emission
01-11-2019,12.2365779,November,Carbon Emission
02-11-2019,8.8711474,November,Carbon Emission
03-11-2019,12.166509,November,Carbon Emission
04-11-2019,15.3004998,November,Carbon Emission
05-11-2019,16.1816693,November,Carbon Emission
06-11-2019,15.6826938,November,Carbon Emission
07-11-2019,16.0627645,November,Carbon Emission
08-11-2019,13.0561717,November,Carbon Emission
09-11-2019,11.3129424,November,Carbon Emission
10-11-2019,12.3193866,November,Carbon Emission
11-11-2019,15.0839232,November,Carbon Emission
12-11-2019,14.8885796,November,Carbon Emission
13-11-2019,11.9945217,November,Carbon Emission
14-11-2019,12.1070566,November,Carbon Emission
15-11-2019,12.3597293,November,Carbon Emission
16-11-2019,9.6864946,November,Carbon Emission
17-11-2019,8.8414212,November,Carbon Emission
18-11-2019,13.2451454,November,Carbon Emission
19-11-2019,14.3620012,November,Carbon Emission
20-11-2019,13.7568607,November,Carbon Emission
21-11-2019,14.990498,November,Carbon Emission
22-11-2019,16.1328334,November,Carbon Emission
23-11-2019,11.6675335,November,Carbon Emission
24-11-2019,13.2090493,November,Carbon Emission
25-11-2019,20.447379,November,Carbon Emission
26-11-2019,25.1547351,November,Carbon Emission
27-11-2019,21.8508803,November,Carbon Emission
28-11-2019,26.4754277,November,Carbon Emission
29-11-2019,24.970008,November,Carbon Emission
30-11-2019,21.8636201,November,Carbon Emission
01-12-2019,27.6644757,December,Carbon Emission
02-12-2019,25.0698031,December,Carbon Emission
03-12-2019,22.0717035,December,Carbon Emission
04-12-2019,22.4496509,December,Carbon Emission
05-12-2019,22.5133499,December,Carbon Emission
06-12-2019,13.695285,December,Carbon Emission
07-12-2019,8.1173759,December,Carbon Emission
08-12-2019,13.0858979,December,Carbon Emission
09-12-2019,18.7805885,December,Carbon Emission
10-12-2019,18.5045595,December,Carbon Emission
11-12-2019,18.8357943,December,Carbon Emission
12-12-2019,20.4367625,December,Carbon Emission
13-12-2019,19.2562077,December,Carbon Emission
14-12-2019,11.7906849,December,Carbon Emission
15-12-2019,9.9221809,December,Carbon Emission
16-12-2019,16.2623547,December,Carbon Emission
17-12-2019,18.6531905,December,Carbon Emission
18-12-2019,17.7422948,December,Carbon Emission
19-12-2019,17.6679793,December,Carbon Emission
20-12-2019,16.8950981,December,Carbon Emission
21-12-2019,8.5335427,December,Carbon Emission
22-12-2019,8.2192943,December,Carbon Emission
23-12-2019,15.733653,December,Carbon Emission
24-12-2019,10.977461,December,Carbon Emission
25-12-2019,10.064442,December,Carbon Emission
26-12-2019,9.8754683,December,Carbon Emission
27-12-2019,9.4444384,December,Carbon Emission
28-12-2019,8.4549806,December,Carbon Emission
29-12-2019,7.8816896,December,Carbon Emission
30-12-2019,10.850063,December,Carbon Emission
31-12-2019,10.8946523,December,Carbon Emission
